<?xml version="1.0" encoding="utf-8"?>
<blog>
	<information>
		<blog_logo/>
		<blog_logo_text>PHP Donation Script</blog_logo_text>
		<intro_content>custom</intro_content>
		<intro_title>Welcome to our donation website</intro_title>
		<intro_text>You can show here the latest campaign or your own slide. Please log in to the admin panel to post a new campaign ...</intro_text>
		<intro_background>88821434</intro_background>
		<footer_text></footer_text>
		<default_title>PHP Donation Script</default_title>
		<default_description></default_description>
		<default_keywords></default_keywords>
		<facebook_url></facebook_url>
		<google_url/>
		<twitter_url></twitter_url>
		<instagram_url></instagram_url>
	</information>
</blog>
